sender,receiver
shriramcity,shriramcity
lansonmotors,lansonmotors
nextbill,nextbill
truecre,truecre
tvscredi,tvscredi
lazypay,lazypay
bharatfin,bharatfin
tatacap,tatacap
capfirst,capfirst
finvasiasecur,finvasiasecur
hdfclife,hdfclife
fairmoney,fairmoney
krazybee,kreditbee
wiproins,wiproins
absolutefin,absolutefin
naviloan,naviloan
paymeind,paymeind
shikshafin,shikshafin
fivestarbus,fivestarbus
socialworthtech,socialworthtech
bajfin,bajfin
sicreva,kissht
aavasfin,aavasfin
homeplus,homeplus
moneyview,moneyview
bajajfin,bajfin
hindujah,hindujah
arnoldhol,arnoldhol
camdento,camdento
lionindia,lionindia
reliancenipponlife,reliancenipponlife
maxlife,maxlife
landtfin,landtfin
adityabirla,adityabirla
epicuagro,epicuagro
richaglobal,richaglobal
newloanpoint,newloanpoint
zerodha,zerodha
coimbatorecap,coimbatorecap
bssmicrofi,bssmicrofi
jagadambamotor,jagadambamotor
kissht,kissht
sicreva,sicreva
ucafin,ucafin
payufin,payufin
zestmoney,zestmoney
veritasfin,veritasfin
liquiloans,liquiloans
homefin,homefin
visagehold,visagehold
bajajho,bajajho
whizdm,moneyview
manappur,manappur
dhaniloa,dhaniloa
bhawanaca,bhawanaca
mpokket,mpokket
piramal,piramal
apollofin,apollofin
svamaanfin,svamaanfin
fortunecap,fortunecap
innofin,innofin
shriramfin,shriramfin
instamoney,instamoney
icicipru,icicipru
hsbclife,hsbclife
akaraca,akaraca
5paisa,5paisa
moneytap,moneytap
muthoot,muthoot
vivifi,vivifi
kissht,sicreva
capfront,capfront
angelbro,angelbro
ingencofi,ingencofi
zenlefin,zenlefin
asphaltings,asphaltings
shriramtransport,shriramtransport
lichousing,lichousing
miraeasset,miraeasset
tatamotorsfi,tatamotorsfi
bajfin,bajajfin
hdfcgene,hdfcgene
nationalins,nationalins
sundaramfin,sundaramfin
iflhous,iflhous
angelone,angelone
angelautofi,angelautofi
kotaklife,kotaklife
finaldiv,finaldiv
capitaltrust,capitaltrust
cholamandalam,cholamandalam
clearingcorp,clearingcorp
tataprojects,tataprojects
annapurnafin,annapurnafin
fullerton,fullerton
virajprof,virajprof
sbilife,sbilife
bhanixfi,bhanixfi
skfin,skfin
finnable,finnable
nippon,nippon
hdfcsecu,hdfcsecu
earlysalary,earlysalary
lordsins,lordsins
spicemoney,spicemoney
tatamotorfi,tatamotorfi
clixcap,clixcap
indmoney,indmoney
kuberinvest,kuberinvest
hsbcgene,hsbcgene
kavachfin,kavachfin
northerncap,northerncap
northernarccap,northernarccap
licofind,licofind
pocketly,pocketly
sbigene,sbigene
loantap,loantap
finnovation,kreditbee
millionminds,millionminds
arohanfin,arohanfin
bajajfin,bajajfin
exidelife,exidelife
krazybee,krazybee
navifin,navifin
myloancare,myloancare
samarthlife,samarthlife
paragparikh,paragparikh
mahindra,mahindra
nirafin,nirafin
creditwise,creditwise
samastafin,samastafin
finnovation,krazybee
kotakgene,kotakgene
apacfin,apacfin
sharekhan,sharekhan
adani,adani
kogtafin,kogtafin
spandanaspho,spandanaspho
nextbill,groww
groww,nextbill
groww,groww
rksv,upstox
upstox,upstox
rksv,rksv
angelbro,angelone
angelone,angelbro
